{"train/loss": 0.0762, "train/learning_rate": 1.12e-06, "train/epoch": 1.0, "train/global_step": 625, "_timestamp": 1704891587.8423443, "_runtime": 3393.3858132362366, "_step": 64, "eval/loss": 0.09312163293361664, "eval/accuracy": 0.982, "eval/runtime": 200.5795, "eval/samples_per_second": 49.856, "eval/steps_per_second": 6.232, "train/train_runtime": 3192.8405, "train/train_samples_per_second": 12.528, "train/train_steps_per_second": 0.196, "train/total_flos": 3.09990183616512e+18, "train/train_loss": 0.252907568359375, "_wandb": {"runtime": 3392}}