{
    "epoch": 1.0,
    "eval_accuracy": 0.9822,
    "eval_loss": 0.0981355682015419,
    "eval_runtime": 86.0396,
    "eval_samples_per_second": 116.226,
    "eval_steps_per_second": 14.528,
    "train_loss": 0.2608857429504394,
    "train_runtime": 334.7163,
    "train_samples_per_second": 119.504,
    "train_steps_per_second": 1.867
}